idCustomer,Estado_Column,Fecha,Estado,R_label,F_label,M_label,Scores_Concat
1,Estado_1,Enero,Activo,"Moderadamente reciente","Moderada frecuencia","Moderado gasto",333
1,Estado_2,Febrero,Recompra,"Moderadamente reciente","Moderada frecuencia","Moderado gasto",333
1,Estado_3,Marzo,Desercion,"Moderadamente reciente","Moderada frecuencia","Moderado gasto",333
1,Estado_4,Abril,Regreso,"Moderadamente reciente","Moderada frecuencia","Moderado gasto",333
1,Estado_5,Mayo,Desercion,"Moderadamente reciente","Moderada frecuencia","Moderado gasto",333
1,Estado_6,Junio,"Repite desersion","Moderadamente reciente","Moderada frecuencia","Moderado gasto",333
1,Estado_7,Julio,Regreso,"Moderadamente reciente","Moderada frecuencia","Moderado gasto",333
1,Estado_8,Agosto,Recompra,"Moderadamente reciente","Moderada frecuencia","Moderado gasto",333
1,Estado_9,Septiembre,Recompra,"Moderadamente reciente","Moderada frecuencia","Moderado gasto",333
1,Estado_10,Octubre,Recompra,"Moderadamente reciente","Moderada frecuencia","Moderado gasto",333
1,Estado_11,Noviembre,Recompra,"Moderadamente reciente","Moderada frecuencia","Moderado gasto",333
1,Estado_12,Diciembre,Recompra,"Moderadamente reciente","Moderada frecuencia","Moderado gasto",333
2,Estado_1,Enero,Activo,"Poco reciente","Menos frecuente","Menor gasto",211
2,Estado_2,Febrero,Recompra,"Poco reciente","Menos frecuente","Menor gasto",211
2,Estado_3,Marzo,Recompra,"Poco reciente","Menos frecuente","Menor gasto",211
2,Estado_4,Abril,Recompra,"Poco reciente","Menos frecuente","Menor gasto",211
2,Estado_5,Mayo,Desercion,"Poco reciente","Menos frecuente","Menor gasto",211
2,Estado_6,Junio,Regreso,"Poco reciente","Menos frecuente","Menor gasto",211
2,Estado_7,Julio,Desercion,"Poco reciente","Menos frecuente","Menor gasto",211
2,Estado_8,Agosto,Regreso,"Poco reciente","Menos frecuente","Menor gasto",211
2,Estado_9,Septiembre,Recompra,"Poco reciente","Menos frecuente","Menor gasto",211
2,Estado_10,Octubre,Desercion,"Poco reciente","Menos frecuente","Menor gasto",211
2,Estado_11,Noviembre,Regreso,"Poco reciente","Menos frecuente","Menor gasto",211
2,Estado_12,Diciembre,Recompra,"Poco reciente","Menos frecuente","Menor gasto",211
3,Estado_1,Enero,Activo,"Moderadamente reciente","Más frecuente","Mayor gasto",344
3,Estado_2,Febrero,Recompra,"Moderadamente reciente","Más frecuente","Mayor gasto",344
3,Estado_3,Marzo,Recompra,"Moderadamente reciente","Más frecuente","Mayor gasto",344
3,Estado_4,Abril,Desercion,"Moderadamente reciente","Más frecuente","Mayor gasto",344
3,Estado_5,Mayo,Regreso,"Moderadamente reciente","Más frecuente","Mayor gasto",344
3,Estado_6,Junio,Recompra,"Moderadamente reciente","Más frecuente","Mayor gasto",344
3,Estado_7,Julio,Desercion,"Moderadamente reciente","Más frecuente","Mayor gasto",344
3,Estado_8,Agosto,Regreso,"Moderadamente reciente","Más frecuente","Mayor gasto",344
3,Estado_9,Septiembre,Recompra,"Moderadamente reciente","Más frecuente","Mayor gasto",344
3,Estado_10,Octubre,Recompra,"Moderadamente reciente","Más frecuente","Mayor gasto",344
3,Estado_11,Noviembre,Recompra,"Moderadamente reciente","Más frecuente","Mayor gasto",344
3,Estado_12,Diciembre,Recompra,"Moderadamente reciente","Más frecuente","Mayor gasto",344
4,Estado_1,Enero,Activo,"Menos reciente","Moderada frecuencia","Moderado gasto",133
4,Estado_2,Febrero,Recompra,"Menos reciente","Moderada frecuencia","Moderado gasto",133
4,Estado_3,Marzo,Desercion,"Menos reciente","Moderada frecuencia","Moderado gasto",133
4,Estado_4,Abril,Regreso,"Menos reciente","Moderada frecuencia","Moderado gasto",133
4,Estado_5,Mayo,Recompra,"Menos reciente","Moderada frecuencia","Moderado gasto",133
4,Estado_6,Junio,Recompra,"Menos reciente","Moderada frecuencia","Moderado gasto",133
4,Estado_7,Julio,Desercion,"Menos reciente","Moderada frecuencia","Moderado gasto",133
4,Estado_8,Agosto,Regreso,"Menos reciente","Moderada frecuencia","Moderado gasto",133
4,Estado_9,Septiembre,Recompra,"Menos reciente","Moderada frecuencia","Moderado gasto",133
4,Estado_10,Octubre,Recompra,"Menos reciente","Moderada frecuencia","Moderado gasto",133
4,Estado_11,Noviembre,Recompra,"Menos reciente","Moderada frecuencia","Moderado gasto",133
4,Estado_12,Diciembre,Desercion,"Menos reciente","Moderada frecuencia","Moderado gasto",133
5,Estado_1,Enero,Null,"Más reciente","Menos frecuente","Menor gasto",411
5,Estado_2,Febrero,Activo,"Más reciente","Menos frecuente","Menor gasto",411
5,Estado_3,Marzo,Recompra,"Más reciente","Menos frecuente","Menor gasto",411
5,Estado_4,Abril,Desercion,"Más reciente","Menos frecuente","Menor gasto",411
5,Estado_5,Mayo,"Repite desersion","Más reciente","Menos frecuente","Menor gasto",411
5,Estado_6,Junio,"Repite desersion","Más reciente","Menos frecuente","Menor gasto",411
5,Estado_7,Julio,"Repite desersion","Más reciente","Menos frecuente","Menor gasto",411
5,Estado_8,Agosto,"Repite desersion","Más reciente","Menos frecuente","Menor gasto",411
5,Estado_9,Septiembre,"Repite desersion","Más reciente","Menos frecuente","Menor gasto",411
5,Estado_10,Octubre,Regreso,"Más reciente","Menos frecuente","Menor gasto",411
5,Estado_11,Noviembre,Recompra,"Más reciente","Menos frecuente","Menor gasto",411
5,Estado_12,Diciembre,Recompra,"Más reciente","Menos frecuente","Menor gasto",411
6,Estado_1,Enero,Null,"Poco reciente","Menos frecuente","Menor gasto",211
6,Estado_2,Febrero,Null,"Poco reciente","Menos frecuente","Menor gasto",211
6,Estado_3,Marzo,Activo,"Poco reciente","Menos frecuente","Menor gasto",211
6,Estado_4,Abril,Recompra,"Poco reciente","Menos frecuente","Menor gasto",211
6,Estado_5,Mayo,Recompra,"Poco reciente","Menos frecuente","Menor gasto",211
6,Estado_6,Junio,Recompra,"Poco reciente","Menos frecuente","Menor gasto",211
6,Estado_7,Julio,Recompra,"Poco reciente","Menos frecuente","Menor gasto",211
6,Estado_8,Agosto,Recompra,"Poco reciente","Menos frecuente","Menor gasto",211
6,Estado_9,Septiembre,Recompra,"Poco reciente","Menos frecuente","Menor gasto",211
6,Estado_10,Octubre,Recompra,"Poco reciente","Menos frecuente","Menor gasto",211
6,Estado_11,Noviembre,Recompra,"Poco reciente","Menos frecuente","Menor gasto",211
6,Estado_12,Diciembre,Recompra,"Poco reciente","Menos frecuente","Menor gasto",211
7,Estado_1,Enero,Null,"Poco reciente","Menos frecuente","Menor gasto",211
7,Estado_2,Febrero,Activo,"Poco reciente","Menos frecuente","Menor gasto",211
7,Estado_3,Marzo,Recompra,"Poco reciente","Menos frecuente","Menor gasto",211
7,Estado_4,Abril,Desercion,"Poco reciente","Menos frecuente","Menor gasto",211
7,Estado_5,Mayo,Regreso,"Poco reciente","Menos frecuente","Menor gasto",211
7,Estado_6,Junio,Recompra,"Poco reciente","Menos frecuente","Menor gasto",211
7,Estado_7,Julio,Recompra,"Poco reciente","Menos frecuente","Menor gasto",211
7,Estado_8,Agosto,Recompra,"Poco reciente","Menos frecuente","Menor gasto",211
7,Estado_9,Septiembre,Recompra,"Poco reciente","Menos frecuente","Menor gasto",211
7,Estado_10,Octubre,Recompra,"Poco reciente","Menos frecuente","Menor gasto",211
7,Estado_11,Noviembre,Desercion,"Poco reciente","Menos frecuente","Menor gasto",211
7,Estado_12,Diciembre,Regreso,"Poco reciente","Menos frecuente","Menor gasto",211
8,Estado_1,Enero,Activo,"Moderadamente reciente","Más frecuente","Mayor gasto",344
8,Estado_2,Febrero,Recompra,"Moderadamente reciente","Más frecuente","Mayor gasto",344
8,Estado_3,Marzo,Desercion,"Moderadamente reciente","Más frecuente","Mayor gasto",344
8,Estado_4,Abril,Regreso,"Moderadamente reciente","Más frecuente","Mayor gasto",344
8,Estado_5,Mayo,Recompra,"Moderadamente reciente","Más frecuente","Mayor gasto",344
8,Estado_6,Junio,Recompra,"Moderadamente reciente","Más frecuente","Mayor gasto",344
8,Estado_7,Julio,Recompra,"Moderadamente reciente","Más frecuente","Mayor gasto",344
8,Estado_8,Agosto,Recompra,"Moderadamente reciente","Más frecuente","Mayor gasto",344
8,Estado_9,Septiembre,Recompra,"Moderadamente reciente","Más frecuente","Mayor gasto",344
8,Estado_10,Octubre,Recompra,"Moderadamente reciente","Más frecuente","Mayor gasto",344
8,Estado_11,Noviembre,Recompra,"Moderadamente reciente","Más frecuente","Mayor gasto",344
8,Estado_12,Diciembre,Recompra,"Moderadamente reciente","Más frecuente","Mayor gasto",344
9,Estado_1,Enero,Activo,"Moderadamente reciente","Menos frecuente","Menor gasto",311
9,Estado_2,Febrero,Recompra,"Moderadamente reciente","Menos frecuente","Menor gasto",311
9,Estado_3,Marzo,Recompra,"Moderadamente reciente","Menos frecuente","Menor gasto",311
9,Estado_4,Abril,Recompra,"Moderadamente reciente","Menos frecuente","Menor gasto",311
9,Estado_5,Mayo,Desercion,"Moderadamente reciente","Menos frecuente","Menor gasto",311
9,Estado_6,Junio,Regreso,"Moderadamente reciente","Menos frecuente","Menor gasto",311
9,Estado_7,Julio,Desercion,"Moderadamente reciente","Menos frecuente","Menor gasto",311
9,Estado_8,Agosto,Regreso,"Moderadamente reciente","Menos frecuente","Menor gasto",311
9,Estado_9,Septiembre,Recompra,"Moderadamente reciente","Menos frecuente","Menor gasto",311
9,Estado_10,Octubre,Recompra,"Moderadamente reciente","Menos frecuente","Menor gasto",311
9,Estado_11,Noviembre,Recompra,"Moderadamente reciente","Menos frecuente","Menor gasto",311
9,Estado_12,Diciembre,Recompra,"Moderadamente reciente","Menos frecuente","Menor gasto",311
10,Estado_1,Enero,Activo,"Moderadamente reciente","Baja frecuencia","Bajo gasto",322
10,Estado_2,Febrero,Recompra,"Moderadamente reciente","Baja frecuencia","Bajo gasto",322
10,Estado_3,Marzo,Recompra,"Moderadamente reciente","Baja frecuencia","Bajo gasto",322
10,Estado_4,Abril,Desercion,"Moderadamente reciente","Baja frecuencia","Bajo gasto",322
10,Estado_5,Mayo,Regreso,"Moderadamente reciente","Baja frecuencia","Bajo gasto",322
10,Estado_6,Junio,Recompra,"Moderadamente reciente","Baja frecuencia","Bajo gasto",322
10,Estado_7,Julio,Recompra,"Moderadamente reciente","Baja frecuencia","Bajo gasto",322
10,Estado_8,Agosto,Desercion,"Moderadamente reciente","Baja frecuencia","Bajo gasto",322
10,Estado_9,Septiembre,Regreso,"Moderadamente reciente","Baja frecuencia","Bajo gasto",322
10,Estado_10,Octubre,Recompra,"Moderadamente reciente","Baja frecuencia","Bajo gasto",322
10,Estado_11,Noviembre,Recompra,"Moderadamente reciente","Baja frecuencia","Bajo gasto",322
10,Estado_12,Diciembre,Recompra,"Moderadamente reciente","Baja frecuencia","Bajo gasto",322
11,Estado_1,Enero,Activo,"Poco reciente","Baja frecuencia","Bajo gasto",222
11,Estado_2,Febrero,Recompra,"Poco reciente","Baja frecuencia","Bajo gasto",222
11,Estado_3,Marzo,Recompra,"Poco reciente","Baja frecuencia","Bajo gasto",222
11,Estado_4,Abril,Desercion,"Poco reciente","Baja frecuencia","Bajo gasto",222
11,Estado_5,Mayo,Regreso,"Poco reciente","Baja frecuencia","Bajo gasto",222
11,Estado_6,Junio,Recompra,"Poco reciente","Baja frecuencia","Bajo gasto",222
11,Estado_7,Julio,Recompra,"Poco reciente","Baja frecuencia","Bajo gasto",222
11,Estado_8,Agosto,Recompra,"Poco reciente","Baja frecuencia","Bajo gasto",222
11,Estado_9,Septiembre,Recompra,"Poco reciente","Baja frecuencia","Bajo gasto",222
11,Estado_10,Octubre,Recompra,"Poco reciente","Baja frecuencia","Bajo gasto",222
11,Estado_11,Noviembre,Recompra,"Poco reciente","Baja frecuencia","Bajo gasto",222
11,Estado_12,Diciembre,Recompra,"Poco reciente","Baja frecuencia","Bajo gasto",222
12,Estado_1,Enero,Activo,"Más reciente","Moderada frecuencia","Mayor gasto",434
12,Estado_2,Febrero,Desercion,"Más reciente","Moderada frecuencia","Mayor gasto",434
12,Estado_3,Marzo,Regreso,"Más reciente","Moderada frecuencia","Mayor gasto",434
12,Estado_4,Abril,Recompra,"Más reciente","Moderada frecuencia","Mayor gasto",434
12,Estado_5,Mayo,Recompra,"Más reciente","Moderada frecuencia","Mayor gasto",434
12,Estado_6,Junio,Recompra,"Más reciente","Moderada frecuencia","Mayor gasto",434
12,Estado_7,Julio,Recompra,"Más reciente","Moderada frecuencia","Mayor gasto",434
12,Estado_8,Agosto,Recompra,"Más reciente","Moderada frecuencia","Mayor gasto",434
12,Estado_9,Septiembre,Recompra,"Más reciente","Moderada frecuencia","Mayor gasto",434
12,Estado_10,Octubre,Recompra,"Más reciente","Moderada frecuencia","Mayor gasto",434
12,Estado_11,Noviembre,Desercion,"Más reciente","Moderada frecuencia","Mayor gasto",434
12,Estado_12,Diciembre,Regreso,"Más reciente","Moderada frecuencia","Mayor gasto",434
13,Estado_1,Enero,Activo,"Moderadamente reciente","Moderada frecuencia","Moderado gasto",333
13,Estado_2,Febrero,Desercion,"Moderadamente reciente","Moderada frecuencia","Moderado gasto",333
13,Estado_3,Marzo,Regreso,"Moderadamente reciente","Moderada frecuencia","Moderado gasto",333
13,Estado_4,Abril,Recompra,"Moderadamente reciente","Moderada frecuencia","Moderado gasto",333
13,Estado_5,Mayo,Recompra,"Moderadamente reciente","Moderada frecuencia","Moderado gasto",333
13,Estado_6,Junio,Desercion,"Moderadamente reciente","Moderada frecuencia","Moderado gasto",333
13,Estado_7,Julio,Regreso,"Moderadamente reciente","Moderada frecuencia","Moderado gasto",333
13,Estado_8,Agosto,Recompra,"Moderadamente reciente","Moderada frecuencia","Moderado gasto",333
13,Estado_9,Septiembre,Recompra,"Moderadamente reciente","Moderada frecuencia","Moderado gasto",333
13,Estado_10,Octubre,Recompra,"Moderadamente reciente","Moderada frecuencia","Moderado gasto",333
13,Estado_11,Noviembre,Recompra,"Moderadamente reciente","Moderada frecuencia","Moderado gasto",333
13,Estado_12,Diciembre,Recompra,"Moderadamente reciente","Moderada frecuencia","Moderado gasto",333
14,Estado_1,Enero,Activo,"Menos reciente","Menos frecuente","Menor gasto",111
14,Estado_2,Febrero,Recompra,"Menos reciente","Menos frecuente","Menor gasto",111
14,Estado_3,Marzo,Recompra,"Menos reciente","Menos frecuente","Menor gasto",111
14,Estado_4,Abril,Recompra,"Menos reciente","Menos frecuente","Menor gasto",111
14,Estado_5,Mayo,Desercion,"Menos reciente","Menos frecuente","Menor gasto",111
14,Estado_6,Junio,Regreso,"Menos reciente","Menos frecuente","Menor gasto",111
14,Estado_7,Julio,Recompra,"Menos reciente","Menos frecuente","Menor gasto",111
14,Estado_8,Agosto,Recompra,"Menos reciente","Menos frecuente","Menor gasto",111
14,Estado_9,Septiembre,Recompra,"Menos reciente","Menos frecuente","Menor gasto",111
14,Estado_10,Octubre,Recompra,"Menos reciente","Menos frecuente","Menor gasto",111
14,Estado_11,Noviembre,Recompra,"Menos reciente","Menos frecuente","Menor gasto",111
14,Estado_12,Diciembre,Desercion,"Menos reciente","Menos frecuente","Menor gasto",111
15,Estado_1,Enero,Activo,"Menos reciente","Menos frecuente","Menor gasto",111
15,Estado_2,Febrero,Recompra,"Menos reciente","Menos frecuente","Menor gasto",111
15,Estado_3,Marzo,Recompra,"Menos reciente","Menos frecuente","Menor gasto",111
15,Estado_4,Abril,Recompra,"Menos reciente","Menos frecuente","Menor gasto",111
15,Estado_5,Mayo,Desercion,"Menos reciente","Menos frecuente","Menor gasto",111
15,Estado_6,Junio,"Repite desersion","Menos reciente","Menos frecuente","Menor gasto",111
15,Estado_7,Julio,"Repite desersion","Menos reciente","Menos frecuente","Menor gasto",111
15,Estado_8,Agosto,"Repite desersion","Menos reciente","Menos frecuente","Menor gasto",111
15,Estado_9,Septiembre,"Repite desersion","Menos reciente","Menos frecuente","Menor gasto",111
15,Estado_10,Octubre,"Repite desersion","Menos reciente","Menos frecuente","Menor gasto",111
15,Estado_11,Noviembre,Regreso,"Menos reciente","Menos frecuente","Menor gasto",111
15,Estado_12,Diciembre,Desercion,"Menos reciente","Menos frecuente","Menor gasto",111
16,Estado_1,Enero,Activo,"Poco reciente","Moderada frecuencia","Mayor gasto",234
16,Estado_2,Febrero,Recompra,"Poco reciente","Moderada frecuencia","Mayor gasto",234
16,Estado_3,Marzo,Desercion,"Poco reciente","Moderada frecuencia","Mayor gasto",234
16,Estado_4,Abril,"Repite desersion","Poco reciente","Moderada frecuencia","Mayor gasto",234
16,Estado_5,Mayo,Regreso,"Poco reciente","Moderada frecuencia","Mayor gasto",234
16,Estado_6,Junio,Recompra,"Poco reciente","Moderada frecuencia","Mayor gasto",234
16,Estado_7,Julio,Recompra,"Poco reciente","Moderada frecuencia","Mayor gasto",234
16,Estado_8,Agosto,Recompra,"Poco reciente","Moderada frecuencia","Mayor gasto",234
16,Estado_9,Septiembre,Recompra,"Poco reciente","Moderada frecuencia","Mayor gasto",234
16,Estado_10,Octubre,Recompra,"Poco reciente","Moderada frecuencia","Mayor gasto",234
16,Estado_11,Noviembre,Desercion,"Poco reciente","Moderada frecuencia","Mayor gasto",234
16,Estado_12,Diciembre,Regreso,"Poco reciente","Moderada frecuencia","Mayor gasto",234
17,Estado_1,Enero,Activo,"Más reciente","Más frecuente","Moderado gasto",443
17,Estado_2,Febrero,Recompra,"Más reciente","Más frecuente","Moderado gasto",443
17,Estado_3,Marzo,Recompra,"Más reciente","Más frecuente","Moderado gasto",443
17,Estado_4,Abril,Recompra,"Más reciente","Más frecuente","Moderado gasto",443
17,Estado_5,Mayo,Recompra,"Más reciente","Más frecuente","Moderado gasto",443
17,Estado_6,Junio,Recompra,"Más reciente","Más frecuente","Moderado gasto",443
17,Estado_7,Julio,Recompra,"Más reciente","Más frecuente","Moderado gasto",443
17,Estado_8,Agosto,Recompra,"Más reciente","Más frecuente","Moderado gasto",443
17,Estado_9,Septiembre,Recompra,"Más reciente","Más frecuente","Moderado gasto",443
17,Estado_10,Octubre,Desercion,"Más reciente","Más frecuente","Moderado gasto",443
17,Estado_11,Noviembre,Regreso,"Más reciente","Más frecuente","Moderado gasto",443
17,Estado_12,Diciembre,Recompra,"Más reciente","Más frecuente","Moderado gasto",443
18,Estado_1,Enero,Activo,"Más reciente","Más frecuente","Mayor gasto",444
18,Estado_2,Febrero,Desercion,"Más reciente","Más frecuente","Mayor gasto",444
18,Estado_3,Marzo,Regreso,"Más reciente","Más frecuente","Mayor gasto",444
18,Estado_4,Abril,Recompra,"Más reciente","Más frecuente","Mayor gasto",444
18,Estado_5,Mayo,Recompra,"Más reciente","Más frecuente","Mayor gasto",444
18,Estado_6,Junio,Recompra,"Más reciente","Más frecuente","Mayor gasto",444
18,Estado_7,Julio,Recompra,"Más reciente","Más frecuente","Mayor gasto",444
18,Estado_8,Agosto,Recompra,"Más reciente","Más frecuente","Mayor gasto",444
18,Estado_9,Septiembre,Recompra,"Más reciente","Más frecuente","Mayor gasto",444
18,Estado_10,Octubre,Desercion,"Más reciente","Más frecuente","Mayor gasto",444
18,Estado_11,Noviembre,Regreso,"Más reciente","Más frecuente","Mayor gasto",444
18,Estado_12,Diciembre,Recompra,"Más reciente","Más frecuente","Mayor gasto",444
19,Estado_1,Enero,Activo,"Poco reciente","Moderada frecuencia","Moderado gasto",233
19,Estado_2,Febrero,Recompra,"Poco reciente","Moderada frecuencia","Moderado gasto",233
19,Estado_3,Marzo,Recompra,"Poco reciente","Moderada frecuencia","Moderado gasto",233
19,Estado_4,Abril,Desercion,"Poco reciente","Moderada frecuencia","Moderado gasto",233
19,Estado_5,Mayo,Regreso,"Poco reciente","Moderada frecuencia","Moderado gasto",233
19,Estado_6,Junio,Recompra,"Poco reciente","Moderada frecuencia","Moderado gasto",233
19,Estado_7,Julio,Recompra,"Poco reciente","Moderada frecuencia","Moderado gasto",233
19,Estado_8,Agosto,Recompra,"Poco reciente","Moderada frecuencia","Moderado gasto",233
19,Estado_9,Septiembre,Recompra,"Poco reciente","Moderada frecuencia","Moderado gasto",233
19,Estado_10,Octubre,Desercion,"Poco reciente","Moderada frecuencia","Moderado gasto",233
19,Estado_11,Noviembre,Regreso,"Poco reciente","Moderada frecuencia","Moderado gasto",233
19,Estado_12,Diciembre,Recompra,"Poco reciente","Moderada frecuencia","Moderado gasto",233
20,Estado_1,Enero,Activo,"Menos reciente","Baja frecuencia","Bajo gasto",122
20,Estado_2,Febrero,Desercion,"Menos reciente","Baja frecuencia","Bajo gasto",122
20,Estado_3,Marzo,Regreso,"Menos reciente","Baja frecuencia","Bajo gasto",122
20,Estado_4,Abril,Recompra,"Menos reciente","Baja frecuencia","Bajo gasto",122
20,Estado_5,Mayo,Recompra,"Menos reciente","Baja frecuencia","Bajo gasto",122
20,Estado_6,Junio,Recompra,"Menos reciente","Baja frecuencia","Bajo gasto",122
20,Estado_7,Julio,Desercion,"Menos reciente","Baja frecuencia","Bajo gasto",122
20,Estado_8,Agosto,Regreso,"Menos reciente","Baja frecuencia","Bajo gasto",122
20,Estado_9,Septiembre,Recompra,"Menos reciente","Baja frecuencia","Bajo gasto",122
20,Estado_10,Octubre,Recompra,"Menos reciente","Baja frecuencia","Bajo gasto",122
20,Estado_11,Noviembre,Recompra,"Menos reciente","Baja frecuencia","Bajo gasto",122
20,Estado_12,Diciembre,Desercion,"Menos reciente","Baja frecuencia","Bajo gasto",122
21,Estado_1,Enero,Null,"Más reciente","Baja frecuencia","Menor gasto",421
21,Estado_2,Febrero,Activo,"Más reciente","Baja frecuencia","Menor gasto",421
21,Estado_3,Marzo,Recompra,"Más reciente","Baja frecuencia","Menor gasto",421
21,Estado_4,Abril,Recompra,"Más reciente","Baja frecuencia","Menor gasto",421
21,Estado_5,Mayo,Recompra,"Más reciente","Baja frecuencia","Menor gasto",421
21,Estado_6,Junio,Recompra,"Más reciente","Baja frecuencia","Menor gasto",421
21,Estado_7,Julio,Recompra,"Más reciente","Baja frecuencia","Menor gasto",421
21,Estado_8,Agosto,Recompra,"Más reciente","Baja frecuencia","Menor gasto",421
21,Estado_9,Septiembre,Recompra,"Más reciente","Baja frecuencia","Menor gasto",421
21,Estado_10,Octubre,Recompra,"Más reciente","Baja frecuencia","Menor gasto",421
21,Estado_11,Noviembre,Recompra,"Más reciente","Baja frecuencia","Menor gasto",421
21,Estado_12,Diciembre,Recompra,"Más reciente","Baja frecuencia","Menor gasto",421
22,Estado_1,Enero,Activo,"Moderadamente reciente","Más frecuente","Mayor gasto",344
22,Estado_2,Febrero,Recompra,"Moderadamente reciente","Más frecuente","Mayor gasto",344
22,Estado_3,Marzo,Recompra,"Moderadamente reciente","Más frecuente","Mayor gasto",344
22,Estado_4,Abril,Recompra,"Moderadamente reciente","Más frecuente","Mayor gasto",344
22,Estado_5,Mayo,Recompra,"Moderadamente reciente","Más frecuente","Mayor gasto",344
22,Estado_6,Junio,Recompra,"Moderadamente reciente","Más frecuente","Mayor gasto",344
22,Estado_7,Julio,Desercion,"Moderadamente reciente","Más frecuente","Mayor gasto",344
22,Estado_8,Agosto,Regreso,"Moderadamente reciente","Más frecuente","Mayor gasto",344
22,Estado_9,Septiembre,Recompra,"Moderadamente reciente","Más frecuente","Mayor gasto",344
22,Estado_10,Octubre,Recompra,"Moderadamente reciente","Más frecuente","Mayor gasto",344
22,Estado_11,Noviembre,Desercion,"Moderadamente reciente","Más frecuente","Mayor gasto",344
22,Estado_12,Diciembre,Regreso,"Moderadamente reciente","Más frecuente","Mayor gasto",344
23,Estado_1,Enero,Activo,"Menos reciente","Baja frecuencia","Bajo gasto",122
23,Estado_2,Febrero,Recompra,"Menos reciente","Baja frecuencia","Bajo gasto",122
23,Estado_3,Marzo,Recompra,"Menos reciente","Baja frecuencia","Bajo gasto",122
23,Estado_4,Abril,Recompra,"Menos reciente","Baja frecuencia","Bajo gasto",122
23,Estado_5,Mayo,Recompra,"Menos reciente","Baja frecuencia","Bajo gasto",122
23,Estado_6,Junio,Recompra,"Menos reciente","Baja frecuencia","Bajo gasto",122
23,Estado_7,Julio,Desercion,"Menos reciente","Baja frecuencia","Bajo gasto",122
23,Estado_8,Agosto,Regreso,"Menos reciente","Baja frecuencia","Bajo gasto",122
23,Estado_9,Septiembre,Recompra,"Menos reciente","Baja frecuencia","Bajo gasto",122
23,Estado_10,Octubre,Recompra,"Menos reciente","Baja frecuencia","Bajo gasto",122
23,Estado_11,Noviembre,Recompra,"Menos reciente","Baja frecuencia","Bajo gasto",122
23,Estado_12,Diciembre,Recompra,"Menos reciente","Baja frecuencia","Bajo gasto",122
24,Estado_1,Enero,Activo,"Menos reciente","Baja frecuencia","Bajo gasto",122
24,Estado_2,Febrero,Recompra,"Menos reciente","Baja frecuencia","Bajo gasto",122
24,Estado_3,Marzo,Recompra,"Menos reciente","Baja frecuencia","Bajo gasto",122
24,Estado_4,Abril,Recompra,"Menos reciente","Baja frecuencia","Bajo gasto",122
24,Estado_5,Mayo,Recompra,"Menos reciente","Baja frecuencia","Bajo gasto",122
24,Estado_6,Junio,Recompra,"Menos reciente","Baja frecuencia","Bajo gasto",122
24,Estado_7,Julio,Recompra,"Menos reciente","Baja frecuencia","Bajo gasto",122
24,Estado_8,Agosto,Desercion,"Menos reciente","Baja frecuencia","Bajo gasto",122
24,Estado_9,Septiembre,"Repite desersion","Menos reciente","Baja frecuencia","Bajo gasto",122
24,Estado_10,Octubre,Regreso,"Menos reciente","Baja frecuencia","Bajo gasto",122
24,Estado_11,Noviembre,Recompra,"Menos reciente","Baja frecuencia","Bajo gasto",122
24,Estado_12,Diciembre,Desercion,"Menos reciente","Baja frecuencia","Bajo gasto",122
25,Estado_1,Enero,Activo,"Más reciente","Más frecuente","Mayor gasto",444
25,Estado_2,Febrero,Recompra,"Más reciente","Más frecuente","Mayor gasto",444
25,Estado_3,Marzo,Desercion,"Más reciente","Más frecuente","Mayor gasto",444
25,Estado_4,Abril,Regreso,"Más reciente","Más frecuente","Mayor gasto",444
25,Estado_5,Mayo,Recompra,"Más reciente","Más frecuente","Mayor gasto",444
25,Estado_6,Junio,Recompra,"Más reciente","Más frecuente","Mayor gasto",444
25,Estado_7,Julio,Recompra,"Más reciente","Más frecuente","Mayor gasto",444
25,Estado_8,Agosto,Recompra,"Más reciente","Más frecuente","Mayor gasto",444
25,Estado_9,Septiembre,Recompra,"Más reciente","Más frecuente","Mayor gasto",444
25,Estado_10,Octubre,Recompra,"Más reciente","Más frecuente","Mayor gasto",444
25,Estado_11,Noviembre,Recompra,"Más reciente","Más frecuente","Mayor gasto",444
25,Estado_12,Diciembre,Recompra,"Más reciente","Más frecuente","Mayor gasto",444
26,Estado_1,Enero,Activo,"Poco reciente","Moderada frecuencia","Moderado gasto",233
26,Estado_2,Febrero,Recompra,"Poco reciente","Moderada frecuencia","Moderado gasto",233
26,Estado_3,Marzo,Recompra,"Poco reciente","Moderada frecuencia","Moderado gasto",233
26,Estado_4,Abril,Recompra,"Poco reciente","Moderada frecuencia","Moderado gasto",233
26,Estado_5,Mayo,Recompra,"Poco reciente","Moderada frecuencia","Moderado gasto",233
26,Estado_6,Junio,Recompra,"Poco reciente","Moderada frecuencia","Moderado gasto",233
26,Estado_7,Julio,Recompra,"Poco reciente","Moderada frecuencia","Moderado gasto",233
26,Estado_8,Agosto,Recompra,"Poco reciente","Moderada frecuencia","Moderado gasto",233
26,Estado_9,Septiembre,Recompra,"Poco reciente","Moderada frecuencia","Moderado gasto",233
26,Estado_10,Octubre,Recompra,"Poco reciente","Moderada frecuencia","Moderado gasto",233
26,Estado_11,Noviembre,Recompra,"Poco reciente","Moderada frecuencia","Moderado gasto",233
26,Estado_12,Diciembre,Recompra,"Poco reciente","Moderada frecuencia","Moderado gasto",233
27,Estado_1,Enero,Activo,"Menos reciente","Moderada frecuencia","Mayor gasto",134
27,Estado_2,Febrero,Recompra,"Menos reciente","Moderada frecuencia","Mayor gasto",134
27,Estado_3,Marzo,Recompra,"Menos reciente","Moderada frecuencia","Mayor gasto",134
27,Estado_4,Abril,Recompra,"Menos reciente","Moderada frecuencia","Mayor gasto",134
27,Estado_5,Mayo,Desercion,"Menos reciente","Moderada frecuencia","Mayor gasto",134
27,Estado_6,Junio,Regreso,"Menos reciente","Moderada frecuencia","Mayor gasto",134
27,Estado_7,Julio,Recompra,"Menos reciente","Moderada frecuencia","Mayor gasto",134
27,Estado_8,Agosto,Recompra,"Menos reciente","Moderada frecuencia","Mayor gasto",134
27,Estado_9,Septiembre,Recompra,"Menos reciente","Moderada frecuencia","Mayor gasto",134
27,Estado_10,Octubre,Recompra,"Menos reciente","Moderada frecuencia","Mayor gasto",134
27,Estado_11,Noviembre,Recompra,"Menos reciente","Moderada frecuencia","Mayor gasto",134
27,Estado_12,Diciembre,Recompra,"Menos reciente","Moderada frecuencia","Mayor gasto",134
28,Estado_1,Enero,Activo,"Poco reciente","Baja frecuencia","Bajo gasto",222
28,Estado_2,Febrero,Recompra,"Poco reciente","Baja frecuencia","Bajo gasto",222
28,Estado_3,Marzo,Desercion,"Poco reciente","Baja frecuencia","Bajo gasto",222
28,Estado_4,Abril,Regreso,"Poco reciente","Baja frecuencia","Bajo gasto",222
28,Estado_5,Mayo,Recompra,"Poco reciente","Baja frecuencia","Bajo gasto",222
28,Estado_6,Junio,Desercion,"Poco reciente","Baja frecuencia","Bajo gasto",222
28,Estado_7,Julio,Regreso,"Poco reciente","Baja frecuencia","Bajo gasto",222
28,Estado_8,Agosto,Recompra,"Poco reciente","Baja frecuencia","Bajo gasto",222
28,Estado_9,Septiembre,Desercion,"Poco reciente","Baja frecuencia","Bajo gasto",222
28,Estado_10,Octubre,Regreso,"Poco reciente","Baja frecuencia","Bajo gasto",222
28,Estado_11,Noviembre,Desercion,"Poco reciente","Baja frecuencia","Bajo gasto",222
28,Estado_12,Diciembre,Regreso,"Poco reciente","Baja frecuencia","Bajo gasto",222
29,Estado_1,Enero,Activo,"Menos reciente","Más frecuente","Mayor gasto",144
29,Estado_2,Febrero,Recompra,"Menos reciente","Más frecuente","Mayor gasto",144
29,Estado_3,Marzo,Recompra,"Menos reciente","Más frecuente","Mayor gasto",144
29,Estado_4,Abril,Recompra,"Menos reciente","Más frecuente","Mayor gasto",144
29,Estado_5,Mayo,Recompra,"Menos reciente","Más frecuente","Mayor gasto",144
29,Estado_6,Junio,Recompra,"Menos reciente","Más frecuente","Mayor gasto",144
29,Estado_7,Julio,Recompra,"Menos reciente","Más frecuente","Mayor gasto",144
29,Estado_8,Agosto,Recompra,"Menos reciente","Más frecuente","Mayor gasto",144
29,Estado_9,Septiembre,Recompra,"Menos reciente","Más frecuente","Mayor gasto",144
29,Estado_10,Octubre,Recompra,"Menos reciente","Más frecuente","Mayor gasto",144
29,Estado_11,Noviembre,Recompra,"Menos reciente","Más frecuente","Mayor gasto",144
29,Estado_12,Diciembre,Desercion,"Menos reciente","Más frecuente","Mayor gasto",144
30,Estado_1,Enero,Activo,"Poco reciente","Menos frecuente","Menor gasto",211
30,Estado_2,Febrero,Recompra,"Poco reciente","Menos frecuente","Menor gasto",211
30,Estado_3,Marzo,Desercion,"Poco reciente","Menos frecuente","Menor gasto",211
30,Estado_4,Abril,Regreso,"Poco reciente","Menos frecuente","Menor gasto",211
30,Estado_5,Mayo,Recompra,"Poco reciente","Menos frecuente","Menor gasto",211
30,Estado_6,Junio,Recompra,"Poco reciente","Menos frecuente","Menor gasto",211
30,Estado_7,Julio,Desercion,"Poco reciente","Menos frecuente","Menor gasto",211
30,Estado_8,Agosto,Regreso,"Poco reciente","Menos frecuente","Menor gasto",211
30,Estado_9,Septiembre,Recompra,"Poco reciente","Menos frecuente","Menor gasto",211
30,Estado_10,Octubre,Recompra,"Poco reciente","Menos frecuente","Menor gasto",211
30,Estado_11,Noviembre,Recompra,"Poco reciente","Menos frecuente","Menor gasto",211
30,Estado_12,Diciembre,Recompra,"Poco reciente","Menos frecuente","Menor gasto",211
31,Estado_1,Enero,Activo,"Más reciente","Moderada frecuencia","Moderado gasto",433
31,Estado_2,Febrero,Desercion,"Más reciente","Moderada frecuencia","Moderado gasto",433
31,Estado_3,Marzo,"Repite desersion","Más reciente","Moderada frecuencia","Moderado gasto",433
31,Estado_4,Abril,Regreso,"Más reciente","Moderada frecuencia","Moderado gasto",433
31,Estado_5,Mayo,Desercion,"Más reciente","Moderada frecuencia","Moderado gasto",433
31,Estado_6,Junio,Regreso,"Más reciente","Moderada frecuencia","Moderado gasto",433
31,Estado_7,Julio,Desercion,"Más reciente","Moderada frecuencia","Moderado gasto",433
31,Estado_8,Agosto,Regreso,"Más reciente","Moderada frecuencia","Moderado gasto",433
31,Estado_9,Septiembre,Recompra,"Más reciente","Moderada frecuencia","Moderado gasto",433
31,Estado_10,Octubre,Recompra,"Más reciente","Moderada frecuencia","Moderado gasto",433
31,Estado_11,Noviembre,Recompra,"Más reciente","Moderada frecuencia","Moderado gasto",433
31,Estado_12,Diciembre,Recompra,"Más reciente","Moderada frecuencia","Moderado gasto",433
32,Estado_1,Enero,Activo,"Más reciente","Moderada frecuencia","Moderado gasto",433
32,Estado_2,Febrero,Recompra,"Más reciente","Moderada frecuencia","Moderado gasto",433
32,Estado_3,Marzo,Recompra,"Más reciente","Moderada frecuencia","Moderado gasto",433
32,Estado_4,Abril,Desercion,"Más reciente","Moderada frecuencia","Moderado gasto",433
32,Estado_5,Mayo,Regreso,"Más reciente","Moderada frecuencia","Moderado gasto",433
32,Estado_6,Junio,Recompra,"Más reciente","Moderada frecuencia","Moderado gasto",433
32,Estado_7,Julio,Recompra,"Más reciente","Moderada frecuencia","Moderado gasto",433
32,Estado_8,Agosto,Recompra,"Más reciente","Moderada frecuencia","Moderado gasto",433
32,Estado_9,Septiembre,Desercion,"Más reciente","Moderada frecuencia","Moderado gasto",433
32,Estado_10,Octubre,Regreso,"Más reciente","Moderada frecuencia","Moderado gasto",433
32,Estado_11,Noviembre,Recompra,"Más reciente","Moderada frecuencia","Moderado gasto",433
32,Estado_12,Diciembre,Recompra,"Más reciente","Moderada frecuencia","Moderado gasto",433
33,Estado_1,Enero,Activo,"Moderadamente reciente","Baja frecuencia","Bajo gasto",322
33,Estado_2,Febrero,Recompra,"Moderadamente reciente","Baja frecuencia","Bajo gasto",322
33,Estado_3,Marzo,Recompra,"Moderadamente reciente","Baja frecuencia","Bajo gasto",322
33,Estado_4,Abril,Recompra,"Moderadamente reciente","Baja frecuencia","Bajo gasto",322
33,Estado_5,Mayo,Recompra,"Moderadamente reciente","Baja frecuencia","Bajo gasto",322
33,Estado_6,Junio,Recompra,"Moderadamente reciente","Baja frecuencia","Bajo gasto",322
33,Estado_7,Julio,Desercion,"Moderadamente reciente","Baja frecuencia","Bajo gasto",322
33,Estado_8,Agosto,"Repite desersion","Moderadamente reciente","Baja frecuencia","Bajo gasto",322
33,Estado_9,Septiembre,Regreso,"Moderadamente reciente","Baja frecuencia","Bajo gasto",322
33,Estado_10,Octubre,Recompra,"Moderadamente reciente","Baja frecuencia","Bajo gasto",322
33,Estado_11,Noviembre,Recompra,"Moderadamente reciente","Baja frecuencia","Bajo gasto",322
33,Estado_12,Diciembre,Recompra,"Moderadamente reciente","Baja frecuencia","Bajo gasto",322
34,Estado_1,Enero,Activo,"Moderadamente reciente","Moderada frecuencia","Mayor gasto",334
34,Estado_2,Febrero,Recompra,"Moderadamente reciente","Moderada frecuencia","Mayor gasto",334
34,Estado_3,Marzo,Desercion,"Moderadamente reciente","Moderada frecuencia","Mayor gasto",334
34,Estado_4,Abril,"Repite desersion","Moderadamente reciente","Moderada frecuencia","Mayor gasto",334
34,Estado_5,Mayo,"Repite desersion","Moderadamente reciente","Moderada frecuencia","Mayor gasto",334
34,Estado_6,Junio,Regreso,"Moderadamente reciente","Moderada frecuencia","Mayor gasto",334
34,Estado_7,Julio,Recompra,"Moderadamente reciente","Moderada frecuencia","Mayor gasto",334
34,Estado_8,Agosto,Desercion,"Moderadamente reciente","Moderada frecuencia","Mayor gasto",334
34,Estado_9,Septiembre,Regreso,"Moderadamente reciente","Moderada frecuencia","Mayor gasto",334
34,Estado_10,Octubre,Recompra,"Moderadamente reciente","Moderada frecuencia","Mayor gasto",334
34,Estado_11,Noviembre,Recompra,"Moderadamente reciente","Moderada frecuencia","Mayor gasto",334
34,Estado_12,Diciembre,Recompra,"Moderadamente reciente","Moderada frecuencia","Mayor gasto",334
35,Estado_1,Enero,Activo,"Moderadamente reciente","Baja frecuencia","Bajo gasto",322
35,Estado_2,Febrero,Recompra,"Moderadamente reciente","Baja frecuencia","Bajo gasto",322
35,Estado_3,Marzo,Recompra,"Moderadamente reciente","Baja frecuencia","Bajo gasto",322
35,Estado_4,Abril,Recompra,"Moderadamente reciente","Baja frecuencia","Bajo gasto",322
35,Estado_5,Mayo,Recompra,"Moderadamente reciente","Baja frecuencia","Bajo gasto",322
35,Estado_6,Junio,Recompra,"Moderadamente reciente","Baja frecuencia","Bajo gasto",322
35,Estado_7,Julio,Desercion,"Moderadamente reciente","Baja frecuencia","Bajo gasto",322
35,Estado_8,Agosto,Regreso,"Moderadamente reciente","Baja frecuencia","Bajo gasto",322
35,Estado_9,Septiembre,Recompra,"Moderadamente reciente","Baja frecuencia","Bajo gasto",322
35,Estado_10,Octubre,Desercion,"Moderadamente reciente","Baja frecuencia","Bajo gasto",322
35,Estado_11,Noviembre,Regreso,"Moderadamente reciente","Baja frecuencia","Bajo gasto",322
35,Estado_12,Diciembre,Recompra,"Moderadamente reciente","Baja frecuencia","Bajo gasto",322
36,Estado_1,Enero,Activo,"Menos reciente","Menos frecuente","Bajo gasto",112
36,Estado_2,Febrero,Desercion,"Menos reciente","Menos frecuente","Bajo gasto",112
36,Estado_3,Marzo,Regreso,"Menos reciente","Menos frecuente","Bajo gasto",112
36,Estado_4,Abril,Desercion,"Menos reciente","Menos frecuente","Bajo gasto",112
36,Estado_5,Mayo,Regreso,"Menos reciente","Menos frecuente","Bajo gasto",112
36,Estado_6,Junio,Recompra,"Menos reciente","Menos frecuente","Bajo gasto",112
36,Estado_7,Julio,Recompra,"Menos reciente","Menos frecuente","Bajo gasto",112
36,Estado_8,Agosto,Recompra,"Menos reciente","Menos frecuente","Bajo gasto",112
36,Estado_9,Septiembre,Desercion,"Menos reciente","Menos frecuente","Bajo gasto",112
36,Estado_10,Octubre,Regreso,"Menos reciente","Menos frecuente","Bajo gasto",112
36,Estado_11,Noviembre,Recompra,"Menos reciente","Menos frecuente","Bajo gasto",112
36,Estado_12,Diciembre,Desercion,"Menos reciente","Menos frecuente","Bajo gasto",112
37,Estado_1,Enero,Null,"Más reciente","Moderada frecuencia","Bajo gasto",432
37,Estado_2,Febrero,Activo,"Más reciente","Moderada frecuencia","Bajo gasto",432
37,Estado_3,Marzo,Desercion,"Más reciente","Moderada frecuencia","Bajo gasto",432
37,Estado_4,Abril,Regreso,"Más reciente","Moderada frecuencia","Bajo gasto",432
37,Estado_5,Mayo,Recompra,"Más reciente","Moderada frecuencia","Bajo gasto",432
37,Estado_6,Junio,Recompra,"Más reciente","Moderada frecuencia","Bajo gasto",432
37,Estado_7,Julio,Recompra,"Más reciente","Moderada frecuencia","Bajo gasto",432
37,Estado_8,Agosto,Recompra,"Más reciente","Moderada frecuencia","Bajo gasto",432
37,Estado_9,Septiembre,Recompra,"Más reciente","Moderada frecuencia","Bajo gasto",432
37,Estado_10,Octubre,Recompra,"Más reciente","Moderada frecuencia","Bajo gasto",432
37,Estado_11,Noviembre,Recompra,"Más reciente","Moderada frecuencia","Bajo gasto",432
37,Estado_12,Diciembre,Recompra,"Más reciente","Moderada frecuencia","Bajo gasto",432
38,Estado_1,Enero,Activo,"Menos reciente","Menos frecuente","Menor gasto",111
38,Estado_2,Febrero,Recompra,"Menos reciente","Menos frecuente","Menor gasto",111
38,Estado_3,Marzo,Desercion,"Menos reciente","Menos frecuente","Menor gasto",111
38,Estado_4,Abril,Regreso,"Menos reciente","Menos frecuente","Menor gasto",111
38,Estado_5,Mayo,Desercion,"Menos reciente","Menos frecuente","Menor gasto",111
38,Estado_6,Junio,Regreso,"Menos reciente","Menos frecuente","Menor gasto",111
38,Estado_7,Julio,Desercion,"Menos reciente","Menos frecuente","Menor gasto",111
38,Estado_8,Agosto,Regreso,"Menos reciente","Menos frecuente","Menor gasto",111
38,Estado_9,Septiembre,Recompra,"Menos reciente","Menos frecuente","Menor gasto",111
38,Estado_10,Octubre,Recompra,"Menos reciente","Menos frecuente","Menor gasto",111
38,Estado_11,Noviembre,Recompra,"Menos reciente","Menos frecuente","Menor gasto",111
38,Estado_12,Diciembre,Desercion,"Menos reciente","Menos frecuente","Menor gasto",111
39,Estado_1,Enero,Null,"Moderadamente reciente","Más frecuente","Mayor gasto",344
39,Estado_2,Febrero,Activo,"Moderadamente reciente","Más frecuente","Mayor gasto",344
39,Estado_3,Marzo,Recompra,"Moderadamente reciente","Más frecuente","Mayor gasto",344
39,Estado_4,Abril,Recompra,"Moderadamente reciente","Más frecuente","Mayor gasto",344
39,Estado_5,Mayo,Recompra,"Moderadamente reciente","Más frecuente","Mayor gasto",344
39,Estado_6,Junio,Recompra,"Moderadamente reciente","Más frecuente","Mayor gasto",344
39,Estado_7,Julio,Recompra,"Moderadamente reciente","Más frecuente","Mayor gasto",344
39,Estado_8,Agosto,Recompra,"Moderadamente reciente","Más frecuente","Mayor gasto",344
39,Estado_9,Septiembre,Recompra,"Moderadamente reciente","Más frecuente","Mayor gasto",344
39,Estado_10,Octubre,Desercion,"Moderadamente reciente","Más frecuente","Mayor gasto",344
39,Estado_11,Noviembre,Regreso,"Moderadamente reciente","Más frecuente","Mayor gasto",344
39,Estado_12,Diciembre,Recompra,"Moderadamente reciente","Más frecuente","Mayor gasto",344
40,Estado_1,Enero,Activo,"Moderadamente reciente","Moderada frecuencia","Moderado gasto",333
40,Estado_2,Febrero,Recompra,"Moderadamente reciente","Moderada frecuencia","Moderado gasto",333
40,Estado_3,Marzo,Recompra,"Moderadamente reciente","Moderada frecuencia","Moderado gasto",333
40,Estado_4,Abril,Recompra,"Moderadamente reciente","Moderada frecuencia","Moderado gasto",333
40,Estado_5,Mayo,Recompra,"Moderadamente reciente","Moderada frecuencia","Moderado gasto",333
40,Estado_6,Junio,Desercion,"Moderadamente reciente","Moderada frecuencia","Moderado gasto",333
40,Estado_7,Julio,Regreso,"Moderadamente reciente","Moderada frecuencia","Moderado gasto",333
40,Estado_8,Agosto,Recompra,"Moderadamente reciente","Moderada frecuencia","Moderado gasto",333
40,Estado_9,Septiembre,Recompra,"Moderadamente reciente","Moderada frecuencia","Moderado gasto",333
40,Estado_10,Octubre,Recompra,"Moderadamente reciente","Moderada frecuencia","Moderado gasto",333
40,Estado_11,Noviembre,Desercion,"Moderadamente reciente","Moderada frecuencia","Moderado gasto",333
40,Estado_12,Diciembre,Regreso,"Moderadamente reciente","Moderada frecuencia","Moderado gasto",333
41,Estado_1,Enero,Activo,"Menos reciente","Moderada frecuencia","Moderado gasto",133
41,Estado_2,Febrero,Recompra,"Menos reciente","Moderada frecuencia","Moderado gasto",133
41,Estado_3,Marzo,Recompra,"Menos reciente","Moderada frecuencia","Moderado gasto",133
41,Estado_4,Abril,Desercion,"Menos reciente","Moderada frecuencia","Moderado gasto",133
41,Estado_5,Mayo,Regreso,"Menos reciente","Moderada frecuencia","Moderado gasto",133
41,Estado_6,Junio,Recompra,"Menos reciente","Moderada frecuencia","Moderado gasto",133
41,Estado_7,Julio,Recompra,"Menos reciente","Moderada frecuencia","Moderado gasto",133
41,Estado_8,Agosto,Recompra,"Menos reciente","Moderada frecuencia","Moderado gasto",133
41,Estado_9,Septiembre,Recompra,"Menos reciente","Moderada frecuencia","Moderado gasto",133
41,Estado_10,Octubre,Recompra,"Menos reciente","Moderada frecuencia","Moderado gasto",133
41,Estado_11,Noviembre,Recompra,"Menos reciente","Moderada frecuencia","Moderado gasto",133
41,Estado_12,Diciembre,Desercion,"Menos reciente","Moderada frecuencia","Moderado gasto",133
42,Estado_1,Enero,Activo,"Más reciente","Más frecuente","Mayor gasto",444
42,Estado_2,Febrero,Recompra,"Más reciente","Más frecuente","Mayor gasto",444
42,Estado_3,Marzo,Recompra,"Más reciente","Más frecuente","Mayor gasto",444
42,Estado_4,Abril,Recompra,"Más reciente","Más frecuente","Mayor gasto",444
42,Estado_5,Mayo,Recompra,"Más reciente","Más frecuente","Mayor gasto",444
42,Estado_6,Junio,Desercion,"Más reciente","Más frecuente","Mayor gasto",444
42,Estado_7,Julio,Regreso,"Más reciente","Más frecuente","Mayor gasto",444
42,Estado_8,Agosto,Recompra,"Más reciente","Más frecuente","Mayor gasto",444
42,Estado_9,Septiembre,Recompra,"Más reciente","Más frecuente","Mayor gasto",444
42,Estado_10,Octubre,Recompra,"Más reciente","Más frecuente","Mayor gasto",444
42,Estado_11,Noviembre,Recompra,"Más reciente","Más frecuente","Mayor gasto",444
42,Estado_12,Diciembre,Recompra,"Más reciente","Más frecuente","Mayor gasto",444
43,Estado_1,Enero,Activo,"Más reciente","Más frecuente","Mayor gasto",444
43,Estado_2,Febrero,Recompra,"Más reciente","Más frecuente","Mayor gasto",444
43,Estado_3,Marzo,Recompra,"Más reciente","Más frecuente","Mayor gasto",444
43,Estado_4,Abril,Recompra,"Más reciente","Más frecuente","Mayor gasto",444
43,Estado_5,Mayo,Recompra,"Más reciente","Más frecuente","Mayor gasto",444
43,Estado_6,Junio,Recompra,"Más reciente","Más frecuente","Mayor gasto",444
43,Estado_7,Julio,Recompra,"Más reciente","Más frecuente","Mayor gasto",444
43,Estado_8,Agosto,Recompra,"Más reciente","Más frecuente","Mayor gasto",444
43,Estado_9,Septiembre,Recompra,"Más reciente","Más frecuente","Mayor gasto",444
43,Estado_10,Octubre,Desercion,"Más reciente","Más frecuente","Mayor gasto",444
43,Estado_11,Noviembre,Regreso,"Más reciente","Más frecuente","Mayor gasto",444
43,Estado_12,Diciembre,Recompra,"Más reciente","Más frecuente","Mayor gasto",444
44,Estado_1,Enero,Activo,"Poco reciente","Baja frecuencia","Bajo gasto",222
44,Estado_2,Febrero,Recompra,"Poco reciente","Baja frecuencia","Bajo gasto",222
44,Estado_3,Marzo,Recompra,"Poco reciente","Baja frecuencia","Bajo gasto",222
44,Estado_4,Abril,Desercion,"Poco reciente","Baja frecuencia","Bajo gasto",222
44,Estado_5,Mayo,Regreso,"Poco reciente","Baja frecuencia","Bajo gasto",222
44,Estado_6,Junio,Recompra,"Poco reciente","Baja frecuencia","Bajo gasto",222
44,Estado_7,Julio,Recompra,"Poco reciente","Baja frecuencia","Bajo gasto",222
44,Estado_8,Agosto,Recompra,"Poco reciente","Baja frecuencia","Bajo gasto",222
44,Estado_9,Septiembre,Recompra,"Poco reciente","Baja frecuencia","Bajo gasto",222
44,Estado_10,Octubre,Recompra,"Poco reciente","Baja frecuencia","Bajo gasto",222
44,Estado_11,Noviembre,Desercion,"Poco reciente","Baja frecuencia","Bajo gasto",222
44,Estado_12,Diciembre,Regreso,"Poco reciente","Baja frecuencia","Bajo gasto",222
45,Estado_1,Enero,Null,"Menos reciente","Menos frecuente","Menor gasto",111
45,Estado_2,Febrero,Activo,"Menos reciente","Menos frecuente","Menor gasto",111
45,Estado_3,Marzo,Recompra,"Menos reciente","Menos frecuente","Menor gasto",111
45,Estado_4,Abril,Recompra,"Menos reciente","Menos frecuente","Menor gasto",111
45,Estado_5,Mayo,Desercion,"Menos reciente","Menos frecuente","Menor gasto",111
45,Estado_6,Junio,Regreso,"Menos reciente","Menos frecuente","Menor gasto",111
45,Estado_7,Julio,Recompra,"Menos reciente","Menos frecuente","Menor gasto",111
45,Estado_8,Agosto,Desercion,"Menos reciente","Menos frecuente","Menor gasto",111
45,Estado_9,Septiembre,Regreso,"Menos reciente","Menos frecuente","Menor gasto",111
45,Estado_10,Octubre,Recompra,"Menos reciente","Menos frecuente","Menor gasto",111
45,Estado_11,Noviembre,Recompra,"Menos reciente","Menos frecuente","Menor gasto",111
45,Estado_12,Diciembre,Desercion,"Menos reciente","Menos frecuente","Menor gasto",111
46,Estado_1,Enero,Activo,"Menos reciente","Menos frecuente","Menor gasto",111
46,Estado_2,Febrero,Recompra,"Menos reciente","Menos frecuente","Menor gasto",111
46,Estado_3,Marzo,Recompra,"Menos reciente","Menos frecuente","Menor gasto",111
46,Estado_4,Abril,Recompra,"Menos reciente","Menos frecuente","Menor gasto",111
46,Estado_5,Mayo,Recompra,"Menos reciente","Menos frecuente","Menor gasto",111
46,Estado_6,Junio,Desercion,"Menos reciente","Menos frecuente","Menor gasto",111
46,Estado_7,Julio,"Repite desersion","Menos reciente","Menos frecuente","Menor gasto",111
46,Estado_8,Agosto,Regreso,"Menos reciente","Menos frecuente","Menor gasto",111
46,Estado_9,Septiembre,Recompra,"Menos reciente","Menos frecuente","Menor gasto",111
46,Estado_10,Octubre,Recompra,"Menos reciente","Menos frecuente","Menor gasto",111
46,Estado_11,Noviembre,Recompra,"Menos reciente","Menos frecuente","Menor gasto",111
46,Estado_12,Diciembre,Desercion,"Menos reciente","Menos frecuente","Menor gasto",111
47,Estado_1,Enero,Activo,"Moderadamente reciente","Menos frecuente","Menor gasto",311
47,Estado_2,Febrero,Recompra,"Moderadamente reciente","Menos frecuente","Menor gasto",311
47,Estado_3,Marzo,Desercion,"Moderadamente reciente","Menos frecuente","Menor gasto",311
47,Estado_4,Abril,Regreso,"Moderadamente reciente","Menos frecuente","Menor gasto",311
47,Estado_5,Mayo,Recompra,"Moderadamente reciente","Menos frecuente","Menor gasto",311
47,Estado_6,Junio,Recompra,"Moderadamente reciente","Menos frecuente","Menor gasto",311
47,Estado_7,Julio,Recompra,"Moderadamente reciente","Menos frecuente","Menor gasto",311
47,Estado_8,Agosto,Desercion,"Moderadamente reciente","Menos frecuente","Menor gasto",311
47,Estado_9,Septiembre,"Repite desersion","Moderadamente reciente","Menos frecuente","Menor gasto",311
47,Estado_10,Octubre,Regreso,"Moderadamente reciente","Menos frecuente","Menor gasto",311
47,Estado_11,Noviembre,Recompra,"Moderadamente reciente","Menos frecuente","Menor gasto",311
47,Estado_12,Diciembre,Recompra,"Moderadamente reciente","Menos frecuente","Menor gasto",311
48,Estado_1,Enero,Null,"Más reciente","Moderada frecuencia","Moderado gasto",433
48,Estado_2,Febrero,Activo,"Más reciente","Moderada frecuencia","Moderado gasto",433
48,Estado_3,Marzo,Recompra,"Más reciente","Moderada frecuencia","Moderado gasto",433
48,Estado_4,Abril,Desercion,"Más reciente","Moderada frecuencia","Moderado gasto",433
48,Estado_5,Mayo,Regreso,"Más reciente","Moderada frecuencia","Moderado gasto",433
48,Estado_6,Junio,Recompra,"Más reciente","Moderada frecuencia","Moderado gasto",433
48,Estado_7,Julio,Recompra,"Más reciente","Moderada frecuencia","Moderado gasto",433
48,Estado_8,Agosto,Recompra,"Más reciente","Moderada frecuencia","Moderado gasto",433
48,Estado_9,Septiembre,Recompra,"Más reciente","Moderada frecuencia","Moderado gasto",433
48,Estado_10,Octubre,Recompra,"Más reciente","Moderada frecuencia","Moderado gasto",433
48,Estado_11,Noviembre,Recompra,"Más reciente","Moderada frecuencia","Moderado gasto",433
48,Estado_12,Diciembre,Recompra,"Más reciente","Moderada frecuencia","Moderado gasto",433
49,Estado_1,Enero,Activo,"Más reciente","Baja frecuencia","Bajo gasto",422
49,Estado_2,Febrero,Recompra,"Más reciente","Baja frecuencia","Bajo gasto",422
49,Estado_3,Marzo,Recompra,"Más reciente","Baja frecuencia","Bajo gasto",422
49,Estado_4,Abril,Recompra,"Más reciente","Baja frecuencia","Bajo gasto",422
49,Estado_5,Mayo,Recompra,"Más reciente","Baja frecuencia","Bajo gasto",422
49,Estado_6,Junio,Recompra,"Más reciente","Baja frecuencia","Bajo gasto",422
49,Estado_7,Julio,Recompra,"Más reciente","Baja frecuencia","Bajo gasto",422
49,Estado_8,Agosto,Desercion,"Más reciente","Baja frecuencia","Bajo gasto",422
49,Estado_9,Septiembre,Regreso,"Más reciente","Baja frecuencia","Bajo gasto",422
49,Estado_10,Octubre,Recompra,"Más reciente","Baja frecuencia","Bajo gasto",422
49,Estado_11,Noviembre,Desercion,"Más reciente","Baja frecuencia","Bajo gasto",422
49,Estado_12,Diciembre,Regreso,"Más reciente","Baja frecuencia","Bajo gasto",422
50,Estado_1,Enero,Activo,"Poco reciente","Baja frecuencia","Moderado gasto",223
50,Estado_2,Febrero,Recompra,"Poco reciente","Baja frecuencia","Moderado gasto",223
50,Estado_3,Marzo,Recompra,"Poco reciente","Baja frecuencia","Moderado gasto",223
50,Estado_4,Abril,Recompra,"Poco reciente","Baja frecuencia","Moderado gasto",223
50,Estado_5,Mayo,Desercion,"Poco reciente","Baja frecuencia","Moderado gasto",223
50,Estado_6,Junio,Regreso,"Poco reciente","Baja frecuencia","Moderado gasto",223
50,Estado_7,Julio,Recompra,"Poco reciente","Baja frecuencia","Moderado gasto",223
50,Estado_8,Agosto,Recompra,"Poco reciente","Baja frecuencia","Moderado gasto",223
50,Estado_9,Septiembre,Recompra,"Poco reciente","Baja frecuencia","Moderado gasto",223
50,Estado_10,Octubre,Recompra,"Poco reciente","Baja frecuencia","Moderado gasto",223
50,Estado_11,Noviembre,Recompra,"Poco reciente","Baja frecuencia","Moderado gasto",223
50,Estado_12,Diciembre,Recompra,"Poco reciente","Baja frecuencia","Moderado gasto",223
